Invoice_ID,Date,Product_line,Total
750-67-8428,2019-01-05,Health and beauty,548.9715
226-31-3081,2019-03-08,Electronic accessories,80.22
631-41-3108,2019-03-03,Home and lifestyle,340.5255
123-19-1176,2019-01-27,Health and beauty,489.048
373-73-7910,2019-02-08,Sports and travel,634.3785
699-14-3026,2019-03-25,Electronic accessories,627.6165
355-53-5943,2019-02-25,Electronic accessories,433.692
315-22-5665,2019-02-24,Home and lifestyle,772.38
665-32-9167,2019-01-10,Health and beauty,76.146
692-92-5582,2019-02-20,Food and beverages,172.746
351-62-0822,2019-02-06,Fashion accessories,60.816
529-56-3974,2019-03-09,Electronic accessories,107.142
365-64-0515,2019-02-12,Electronic accessories,246.4875
252-56-2699,2019-02-07,Food and beverages,453.495
829-34-3910,2019-03-29,Health and beauty,749.49
299-46-1805,2019-01-15,Sports and travel,590.436
656-95-9349,2019-03-11,Health and beauty,506.6355
765-26-6951,2019-01-01,Sports and travel,457.443
329-62-1586,2019-01-21,Food and beverages,172.2105
319-50-3348,2019-03-11,Home and lifestyle,84.63
300-71-4605,2019-02-25,Electronic accessories,451.71
371-85-5789,2019-03-05,Health and beauty,277.137
273-16-6619,2019-03-15,Home and lifestyle,69.72
636-48-8204,2019-02-17,Electronic accessories,181.44
549-59-1358,2019-03-02,Sports and travel,279.1845
227-03-5010,2019-03-22,Home and lifestyle,441.756
649-29-6775,2019-02-08,Fashion accessories,35.196
189-17-4241,2019-03-10,Fashion accessories,184.107
145-94-9061,2019-01-25,Food and beverages,463.89
848-62-7243,2019-03-15,Health and beauty,235.2105
871-79-8483,2019-02-25,Fashion accessories,494.1825
149-71-6266,2019-01-28,Sports and travel,737.7615
640-49-2076,2019-01-10,Sports and travel,703.752
595-11-5460,2019-03-15,Health and beauty,202.818
183-56-6882,2019-02-06,Food and beverages,417.564
232-16-2483,2019-01-07,Sports and travel,71.526
129-29-8530,2019-03-10,Sports and travel,328.755
272-65-1806,2019-01-15,Electronic accessories,575.316
333-73-7901,2019-03-23,Health and beauty,461.328
777-82-7220,2019-03-03,Home and lifestyle,253.008
280-35-5823,2019-01-17,Home and lifestyle,91.056
554-53-8700,2019-02-02,Home and lifestyle,117.831
354-25-5821,2019-02-08,Sports and travel,435.456
228-96-1411,2019-03-04,Food and beverages,829.08
617-15-4209,2019-03-16,Health and beauty,32.277
132-32-9879,2019-03-09,Electronic accessories,394.632
370-41-7321,2019-02-27,Health and beauty,535.7205
727-46-3608,2019-02-06,Food and beverages,189.0945
669-54-1719,2019-02-10,Electronic accessories,119.259
574-22-5561,2019-03-19,Fashion accessories,867.615
326-78-5178,2019-02-03,Food and beverages,671.79
162-48-8011,2019-02-10,Food and beverages,234.0975
616-24-2851,2019-03-22,Fashion accessories,75.054
778-71-5554,2019-01-25,Fashion accessories,16.2015
242-55-6721,2019-03-07,Home and lifestyle,33.936
399-46-5918,2019-02-28,Electronic accessories,722.232
106-35-6779,2019-03-27,Home and lifestyle,93.114
635-40-6220,2019-02-07,Health and beauty,752.64
817-48-8732,2019-01-20,Home and lifestyle,759.675
120-06-4233,2019-03-12,Electronic accessories,192.843
285-68-5083,2019-02-15,Sports and travel,77.931
803-83-5989,2019-02-24,Home and lifestyle,351.099
347-34-2234,2019-02-03,Sports and travel,520.4115
199-75-8169,2019-03-06,Sports and travel,166.005
853-23-2453,2019-02-14,Health and beauty,318.108
877-22-3308,2019-03-13,Health and beauty,166.635
838-78-4295,2019-02-10,Health and beauty,70.287
109-28-2512,2019-01-07,Fashion accessories,614.943
232-11-3025,2019-01-24,Sports and travel,827.085
382-03-4532,2019-02-02,Health and beauty,19.2465
393-65-2792,2019-01-06,Food and beverages,939.54
796-12-2025,2019-02-11,Fashion accessories,652.26
510-95-6347,2019-03-05,Food and beverages,152.838
841-35-6630,2019-03-09,Electronic accessories,478.233
287-21-9091,2019-01-22,Home and lifestyle,705.6315
732-94-0499,2019-01-13,Electronic accessories,437.325
263-10-3913,2019-01-09,Fashion accessories,463.428
381-20-0914,2019-01-12,Fashion accessories,189.0945
829-49-1914,2019-03-05,Food and beverages,822.255
756-01-7507,2019-01-22,Health and beauty,106.995
870-72-4431,2019-01-21,Health and beauty,624.897
847-38-7188,2019-01-26,Food and beverages,304.542
480-63-2856,2019-01-23,Food and beverages,161.7
787-56-0757,2019-02-23,Food and beverages,337.512
360-39-5055,2019-03-09,Sports and travel,256.7775
730-50-9884,2019-03-05,Sports and travel,610.491
362-58-8315,2019-03-25,Fashion accessories,401.73
633-44-8566,2019-03-27,Food and beverages,362.943
504-35-8843,2019-01-02,Sports and travel,44.5935
318-68-5053,2019-02-27,Health and beauty,485.037
565-80-5980,2019-01-23,Home and lifestyle,198.996
225-32-0908,2019-01-26,Sports and travel,471.03
873-51-0671,2019-01-10,Sports and travel,161.553
152-08-9985,2019-03-12,Health and beauty,608.202
512-91-0811,2019-02-06,Health and beauty,94.2375
594-34-4444,2019-03-08,Electronic accessories,102.018
766-85-7061,2019-03-29,Health and beauty,922.635
871-39-9221,2019-02-09,Electronic accessories,78.435
865-92-6136,2019-03-23,Food and beverages,166.1625
733-01-9107,2019-03-05,Home and lifestyle,521.01
163-56-7055,2019-03-26,Fashion accessories,51.1455
189-98-2939,2019-03-01,Fashion accessories,742.2975
551-21-3069,2019-02-01,Electronic accessories,218.0115
212-62-1842,2019-03-28,Food and beverages,367.038
716-39-1409,2019-03-19,Health and beauty,223.0725
704-48-3927,2019-01-12,Electronic accessories,931.035
628-34-3388,2019-01-05,Fashion accessories,172.494
630-74-5166,2019-03-22,Sports and travel,391.419
588-01-7461,2019-03-24,Food and beverages,321.111
861-77-0145,2019-03-03,Electronic accessories,860.685
479-26-8945,2019-02-05,Sports and travel,34.629
210-67-5886,2019-02-05,Health and beauty,309.3615
227-78-1148,2019-02-15,Fashion accessories,535.374
645-44-1170,2019-01-19,Home and lifestyle,548.7615
237-01-6122,2019-02-01,Home and lifestyle,763.4655
225-98-1496,2019-03-02,Fashion accessories,85.113
291-32-1427,2019-03-05,Fashion accessories,115.185
659-65-8956,2019-01-16,Fashion accessories,53.928
642-32-2990,2019-02-02,Food and beverages,115.08
378-24-2715,2019-01-20,Home and lifestyle,112.224
638-60-7125,2019-02-14,Electronic accessories,836.304
659-36-1684,2019-01-12,Sports and travel,419.832
219-22-9386,2019-03-09,Sports and travel,944.622
336-78-2147,2019-03-13,Home and lifestyle,536.844
268-27-6179,2019-03-09,Fashion accessories,474.348
668-90-8900,2019-03-10,Home and lifestyle,688.6215
870-54-3162,2019-01-27,Sports and travel,169.3125
189-08-9157,2019-01-08,Fashion accessories,299.8485
663-86-9076,2019-01-08,Food and beverages,575.736
549-84-7482,2019-02-08,Sports and travel,853.146
191-10-6171,2019-01-25,Fashion accessories,291.207
802-70-5316,2019-03-06,Sports and travel,580.419
695-51-0018,2019-02-10,Sports and travel,146.328
590-83-4591,2019-02-17,Electronic accessories,550.935
483-71-1164,2019-03-08,Health and beauty,512.19
597-78-7908,2019-02-18,Fashion accessories,284.193
700-81-1757,2019-01-18,Electronic accessories,138.1275
354-39-5160,2019-02-18,Home and lifestyle,216.846
241-72-9525,2019-02-16,Sports and travel,545.055
575-30-8091,2019-03-16,Sports and travel,609.0
731-81-9469,2019-01-23,Sports and travel,942.9
280-17-4359,2019-01-25,Health and beauty,950.25
338-65-2210,2019-02-05,Health and beauty,720.3
488-25-4221,2019-02-22,Food and beverages,31.9305
239-10-7476,2019-01-21,Home and lifestyle,491.085
458-41-1477,2019-03-08,Health and beauty,291.438
685-64-1609,2019-02-10,Fashion accessories,316.47
568-90-5112,2019-03-19,Health and beauty,277.788
262-47-2794,2019-03-06,Home and lifestyle,603.624
238-49-0436,2019-03-27,Health and beauty,272.664
608-96-3517,2019-03-23,Fashion accessories,384.468
584-86-7256,2019-03-11,Sports and travel,254.016
746-94-0204,2019-01-29,Fashion accessories,786.618
214-17-6927,2019-02-07,Food and beverages,103.824
400-89-4171,2019-01-28,Sports and travel,680.148
782-95-9291,2019-02-20,Food and beverages,484.5225
279-74-2924,2019-01-04,Electronic accessories,75.7785
307-85-2293,2019-03-07,Home and lifestyle,263.97
743-04-1105,2019-03-30,Health and beauty,918.729
423-57-2993,2019-03-27,Sports and travel,588.357
894-41-5205,2019-01-19,Food and beverages,362.712
275-28-0149,2019-02-25,Sports and travel,66.8745
101-17-6199,2019-03-13,Food and beverages,336.5565
423-80-0988,2019-01-30,Sports and travel,160.44
548-46-9322,2019-02-20,Food and beverages,418.95
505-02-0892,2019-02-25,Health and beauty,357.588
234-65-2137,2019-01-16,Home and lifestyle,1003.59
687-47-8271,2019-02-08,Fashion accessories,1039.29
796-32-9050,2019-01-19,Food and beverages,323.064
105-31-1824,2019-02-01,Sports and travel,510.972
249-42-3782,2019-01-03,Health and beauty,367.5525
316-55-4634,2019-01-26,Food and beverages,420.2625
733-33-4967,2019-03-03,Electronic accessories,175.14
608-27-6295,2019-01-19,Electronic accessories,333.207
414-12-7047,2019-01-18,Food and beverages,166.236
827-26-2100,2019-03-21,Home and lifestyle,319.788
175-54-2529,2019-03-03,Food and beverages,186.228
139-52-2867,2019-02-13,Fashion accessories,165.4485
407-63-8975,2019-03-23,Food and beverages,465.444
342-65-4817,2019-01-28,Health and beauty,273.42
130-98-8941,2019-02-09,Fashion accessories,472.311
434-83-9547,2019-01-23,Food and beverages,323.148
851-28-6367,2019-03-23,Sports and travel,162.75
824-88-3614,2019-01-25,Health and beauty,288.204
586-25-0848,2019-03-04,Sports and travel,90.699
895-66-0685,2019-03-05,Food and beverages,56.952
305-14-0245,2019-03-03,Home and lifestyle,793.716
732-04-5373,2019-02-08,Home and lifestyle,195.174
400-60-7251,2019-02-10,Home and lifestyle,77.7735
593-65-1552,2019-01-28,Home and lifestyle,293.202
284-34-9626,2019-02-11,Home and lifestyle,242.676
437-58-8131,2019-01-15,Fashion accessories,154.392
286-43-6208,2019-03-16,Food and beverages,829.71
641-43-2399,2019-01-26,Home and lifestyle,107.31
831-07-6050,2019-03-19,Electronic accessories,171.7275
556-86-3144,2019-01-13,Fashion accessories,78.0045
848-24-9445,2019-03-26,Health and beauty,91.77
856-22-8149,2019-03-23,Home and lifestyle,26.5545
699-01-4164,2019-03-12,Health and beauty,174.3
420-11-4919,2019-02-17,Food and beverages,374.7975
606-80-4905,2019-01-29,Sports and travel,120.645
542-41-0513,2019-03-15,Electronic accessories,241.458
426-39-2418,2019-01-14,Electronic accessories,451.3635
875-46-5808,2019-02-06,Health and beauty,271.95
394-43-4238,2019-02-15,Home and lifestyle,93.2925
749-24-1565,2019-01-03,Health and beauty,217.6335
672-51-8681,2019-01-04,Electronic accessories,629.8425
263-87-5680,2019-03-18,Home and lifestyle,299.565
573-58-9734,2019-03-28,Fashion accessories,95.6655
817-69-8206,2019-03-02,Electronic accessories,942.4485
888-02-0338,2019-01-25,Electronic accessories,247.8735
677-11-0152,2019-01-16,Food and beverages,881.307
142-63-6033,2019-03-20,Home and lifestyle,484.89
656-16-1063,2019-01-04,Sports and travel,146.223
891-58-8335,2019-03-11,Sports and travel,217.6335
802-43-8934,2019-03-22,Home and lifestyle,19.194
560-30-5617,2019-03-24,Sports and travel,130.0425
319-74-2561,2019-02-21,Electronic accessories,298.116
549-03-9315,2019-02-12,Fashion accessories,796.908
790-29-1172,2019-03-10,Food and beverages,180.621
239-36-3640,2019-01-31,Electronic accessories,285.705
468-01-2051,2019-03-06,Food and beverages,456.288
389-25-3394,2019-02-17,Electronic accessories,62.0025
279-62-1445,2019-02-21,Fashion accessories,13.167
213-72-6612,2019-03-20,Food and beverages,90.825
746-68-6593,2019-01-11,Sports and travel,183.036
836-82-5858,2019-01-26,Health and beauty,655.5465
583-72-1480,2019-01-31,Electronic accessories,155.652
466-61-5506,2019-02-26,Electronic accessories,571.41
721-86-6247,2019-03-11,Home and lifestyle,532.728
289-65-5721,2019-01-26,Fashion accessories,170.877
545-46-3100,2019-03-12,Electronic accessories,33.3585
418-02-5978,2019-02-11,Health and beauty,794.6505
269-04-5750,2019-02-21,Fashion accessories,310.044
157-13-5295,2019-03-09,Health and beauty,545.37
645-78-8093,2019-01-20,Sports and travel,195.594
211-30-9270,2019-01-28,Health and beauty,91.4025
755-12-3214,2019-03-05,Fashion accessories,232.155
346-84-3103,2019-03-02,Electronic accessories,69.405
478-06-7835,2019-01-11,Fashion accessories,94.1745
540-11-4336,2019-01-11,Food and beverages,235.683
448-81-5016,2019-03-11,Health and beauty,125.517
142-72-4741,2019-02-28,Fashion accessories,195.72
217-58-1179,2019-01-05,Home and lifestyle,263.13
376-02-8238,2019-02-02,Home and lifestyle,788.508
530-90-9855,2019-01-01,Home and lifestyle,399.756
866-05-7563,2019-02-09,Electronic accessories,256.41
604-70-6476,2019-01-23,Fashion accessories,94.185
799-71-1548,2019-01-07,Electronic accessories,326.424
785-13-7708,2019-01-14,Food and beverages,536.991
845-51-0542,2019-02-02,Food and beverages,439.8975
662-47-5456,2019-03-17,Fashion accessories,369.495
883-17-4236,2019-03-02,Sports and travel,30.219
290-68-2984,2019-03-16,Home and lifestyle,99.75
704-11-6354,2019-01-06,Home and lifestyle,494.76
110-48-7033,2019-01-29,Fashion accessories,137.004
366-93-0948,2019-01-31,Electronic accessories,69.6675
729-09-9681,2019-02-05,Home and lifestyle,163.233
151-16-1484,2019-02-13,Electronic accessories,135.45
380-94-4661,2019-02-07,Electronic accessories,276.948
850-41-9669,2019-03-19,Electronic accessories,709.317
821-07-3596,2019-03-07,Fashion accessories,69.09
655-85-5130,2019-03-13,Fashion accessories,160.86
447-15-7839,2019-02-09,Sports and travel,233.52
154-74-7179,2019-02-26,Sports and travel,57.1725
253-12-6086,2019-03-12,Sports and travel,723.24
808-65-0703,2019-03-14,Home and lifestyle,148.974
571-94-0759,2019-01-08,Food and beverages,783.3
144-51-6085,2019-01-05,Home and lifestyle,297.108
731-14-2199,2019-01-04,Home and lifestyle,373.17
783-09-1637,2019-03-06,Sports and travel,354.0075
687-15-1097,2019-01-03,Health and beauty,44.352
126-54-1082,2019-01-07,Home and lifestyle,203.553
633-91-1052,2019-01-27,Home and lifestyle,25.263
477-24-6490,2019-02-26,Health and beauty,628.173
566-19-5475,2019-01-07,Fashion accessories,352.5795
526-86-8552,2019-01-07,Home and lifestyle,229.11
376-56-3573,2019-02-02,Fashion accessories,400.764
537-72-0426,2019-03-20,Fashion accessories,745.395
828-61-5674,2019-03-20,Sports and travel,462.21
136-08-6195,2019-02-15,Home and lifestyle,587.664
523-38-0215,2019-03-06,Home and lifestyle,38.85
490-29-1201,2019-01-06,Sports and travel,16.107
667-92-0055,2019-03-04,Health and beauty,628.929
565-17-3836,2019-03-12,Health and beauty,200.214
498-41-1961,2019-02-20,Health and beauty,350.07
593-95-4461,2019-03-24,Home and lifestyle,78.603
226-71-3580,2019-01-31,Sports and travel,224.4375
283-79-9594,2019-01-25,Food and beverages,356.5485
430-60-3493,2019-02-03,Home and lifestyle,697.368
139-20-0155,2019-01-24,Electronic accessories,423.15
558-80-4082,2019-03-14,Electronic accessories,204.6975
278-97-7759,2019-02-18,Electronic accessories,65.604
316-68-6352,2019-01-21,Food and beverages,76.356
585-03-5943,2019-03-13,Health and beauty,190.155
211-05-0490,2019-03-03,Electronic accessories,272.58
727-75-6477,2019-03-29,Electronic accessories,121.128
744-02-5987,2019-01-10,Home and lifestyle,493.794
307-83-9164,2019-01-25,Home and lifestyle,252.042
779-06-0012,2019-01-19,Home and lifestyle,93.0405
446-47-6729,2019-01-02,Fashion accessories,209.622
573-10-3877,2019-03-12,Health and beauty,40.9605
735-06-4124,2019-02-25,Food and beverages,51.0405
439-54-7422,2019-03-18,Electronic accessories,214.998
396-90-2219,2019-02-23,Electronic accessories,125.664
411-77-0180,2019-03-26,Electronic accessories,530.67
286-01-5402,2019-03-30,Sports and travel,295.6905
803-17-8013,2019-02-17,Home and lifestyle,745.836
512-98-1403,2019-03-21,Electronic accessories,83.412
848-42-2560,2019-03-05,Fashion accessories,172.011
532-59-7201,2019-01-31,Sports and travel,503.559
181-94-6432,2019-02-05,Fashion accessories,145.593
870-76-1733,2019-02-01,Food and beverages,74.7075
423-64-4619,2019-03-07,Health and beauty,146.9475
227-07-4446,2019-02-10,Electronic accessories,820.365
174-36-3675,2019-02-14,Food and beverages,208.677
428-83-5800,2019-02-09,Food and beverages,66.402
603-07-0961,2019-01-10,Electronic accessories,392.6475
704-20-4138,2019-03-11,Health and beauty,218.0745
787-15-1757,2019-02-18,Health and beauty,185.094
649-11-3678,2019-02-26,Food and beverages,216.6885
622-20-1945,2019-01-18,Health and beauty,41.391
372-94-8041,2019-02-15,Health and beauty,96.138
563-91-7120,2019-03-08,Fashion accessories,324.2925
746-54-5508,2019-01-17,Home and lifestyle,135.576
276-54-0879,2019-03-12,Sports and travel,410.508
815-11-1168,2019-03-09,Food and beverages,523.845
719-76-3868,2019-03-12,Food and beverages,395.892
730-61-8757,2019-01-25,Health and beauty,214.746
340-66-0321,2019-03-25,Electronic accessories,152.712
868-81-1752,2019-02-07,Home and lifestyle,208.089
634-97-8956,2019-02-17,Food and beverages,103.635
566-71-1091,2019-02-03,Fashion accessories,404.355
442-48-3607,2019-03-14,Food and beverages,49.308
835-16-0096,2019-03-24,Sports and travel,77.175
527-09-6272,2019-03-21,Electronic accessories,149.3625
898-04-2717,2019-03-19,Fashion accessories,721.98
692-27-8933,2019-02-24,Sports and travel,365.085
633-09-3463,2019-03-28,Electronic accessories,150.0975
374-17-3652,2019-02-05,Food and beverages,404.649
378-07-7001,2019-02-10,Electronic accessories,151.4835
433-75-6987,2019-03-05,Health and beauty,411.3795
873-95-4984,2019-02-15,Health and beauty,565.215
416-13-5917,2019-01-30,Food and beverages,509.4075
150-89-8043,2019-02-14,Sports and travel,140.6475
135-84-8019,2019-02-27,Fashion accessories,736.4385
441-94-7118,2019-02-04,Electronic accessories,75.5475
725-96-3778,2019-01-20,Home and lifestyle,749.7
531-80-1784,2019-03-28,Electronic accessories,191.247
400-45-1220,2019-02-27,Health and beauty,141.75
860-79-0874,2019-02-15,Fashion accessories,1042.65
834-61-8124,2019-01-26,Electronic accessories,379.9215
115-99-4379,2019-03-14,Fashion accessories,402.2655
565-67-6697,2019-03-02,Home and lifestyle,255.15
320-49-6392,2019-03-04,Electronic accessories,31.752
889-04-9723,2019-01-07,Food and beverages,374.388
632-90-0281,2019-03-08,Fashion accessories,394.275
554-42-2417,2019-01-09,Sports and travel,1002.12
453-63-6187,2019-03-01,Electronic accessories,86.625
578-80-7669,2019-03-16,Sports and travel,78.7185
612-36-5536,2019-02-17,Food and beverages,680.064
605-72-4132,2019-02-27,Food and beverages,793.548
471-41-2823,2019-03-07,Food and beverages,209.559
462-67-9126,2019-01-21,Home and lifestyle,461.286
272-27-9238,2019-02-19,Food and beverages,173.208
834-25-9262,2019-01-06,Fashion accessories,343.056
122-61-9553,2019-03-14,Electronic accessories,484.974
468-88-0009,2019-03-24,Home and lifestyle,276.948
613-59-9758,2019-01-27,Sports and travel,150.78
254-31-0042,2019-03-06,Electronic accessories,203.175
201-86-2184,2019-02-02,Electronic accessories,193.011
261-12-8671,2019-01-25,Fashion accessories,128.016
730-70-9830,2019-03-14,Home and lifestyle,441.693
382-25-8917,2019-01-29,Fashion accessories,265.104
422-29-8786,2019-01-03,Home and lifestyle,352.2225
667-23-5919,2019-01-14,Fashion accessories,507.675
843-01-4703,2019-01-05,Home and lifestyle,334.341
743-88-1662,2019-02-22,Sports and travel,701.8515
595-86-2894,2019-02-06,Fashion accessories,407.316
182-69-8360,2019-01-30,Electronic accessories,99.33
289-15-7034,2019-01-11,Sports and travel,345.786
462-78-5240,2019-03-19,Electronic accessories,55.881
868-52-7573,2019-01-14,Food and beverages,523.3725
153-58-4872,2019-03-01,Food and beverages,314.538
662-72-2873,2019-01-06,Food and beverages,214.935
525-88-7307,2019-01-31,Sports and travel,79.611
689-16-9784,2019-03-11,Food and beverages,294.651
725-56-0833,2019-02-20,Health and beauty,339.36
394-41-0748,2019-01-27,Fashion accessories,510.9615
596-42-3999,2019-03-10,Food and beverages,133.917
541-89-9860,2019-02-15,Fashion accessories,253.512
173-82-9529,2019-01-26,Fashion accessories,398.475
563-36-9814,2019-02-13,Electronic accessories,80.661
308-47-4913,2019-03-09,Sports and travel,548.73
885-17-6250,2019-03-06,Health and beauty,83.727
726-27-2396,2019-01-24,Health and beauty,406.875
316-01-3952,2019-03-13,Food and beverages,284.9175
760-54-1821,2019-03-15,Home and lifestyle,128.4255
793-10-3222,2019-03-05,Health and beauty,258.678
346-12-3257,2019-03-04,Electronic accessories,181.818
110-05-6330,2019-03-25,Food and beverages,248.409
651-61-0874,2019-03-12,Home and lifestyle,194.124
236-86-3015,2019-02-04,Home and lifestyle,14.679
831-64-0259,2019-02-22,Fashion accessories,208.6875
587-03-7455,2019-02-16,Fashion accessories,718.7565
882-40-4577,2019-01-19,Sports and travel,282.492
732-67-5346,2019-01-11,Food and beverages,72.3975
725-32-9708,2019-01-04,Fashion accessories,288.582
256-08-8343,2019-03-04,Home and lifestyle,237.426
372-26-1506,2019-01-28,Fashion accessories,125.055
244-08-0162,2019-01-02,Health and beauty,359.205
569-71-4390,2019-01-25,Sports and travel,45.927
132-23-6451,2019-01-04,Health and beauty,110.0925
696-90-2548,2019-03-10,Sports and travel,81.396
472-15-9636,2019-03-22,Home and lifestyle,427.812
268-03-6164,2019-01-25,Health and beauty,100.9155
750-57-9686,2019-01-08,Home and lifestyle,190.596
186-09-3669,2019-01-22,Health and beauty,85.5855
848-07-1692,2019-01-12,Health and beauty,120.162
745-71-3520,2019-02-04,Electronic accessories,185.367
266-76-6436,2019-03-28,Food and beverages,121.59
740-22-2500,2019-01-23,Electronic accessories,264.7575
271-88-8734,2019-02-08,Fashion accessories,1020.705
301-81-8610,2019-03-19,Fashion accessories,213.528
489-64-4354,2019-03-09,Fashion accessories,17.094
198-84-7132,2019-01-02,Fashion accessories,383.7645
269-10-8440,2019-01-21,Health and beauty,390.7995
650-98-6268,2019-03-20,Food and beverages,65.7405
741-73-3559,2019-02-27,Sports and travel,353.1675
325-77-6186,2019-03-08,Home and lifestyle,951.825
286-75-7818,2019-01-31,Fashion accessories,145.068
574-57-9721,2019-03-08,Food and beverages,90.867
459-50-7686,2019-01-13,Electronic accessories,147.798
616-87-0016,2019-03-09,Fashion accessories,702.219
837-55-7229,2019-02-22,Fashion accessories,49.812
751-69-0068,2019-03-19,Sports and travel,937.818
257-73-1380,2019-01-20,Sports and travel,348.306
345-08-4992,2019-03-08,Home and lifestyle,214.137
549-96-4200,2019-03-08,Food and beverages,71.568
810-60-6344,2019-02-07,Electronic accessories,343.224
450-28-2866,2019-01-15,Food and beverages,91.56
394-30-3170,2019-03-22,Sports and travel,742.812
138-17-5109,2019-01-15,Home and lifestyle,843.0345
192-98-7397,2019-01-08,Fashion accessories,13.419
301-11-9629,2019-01-15,Sports and travel,140.385
390-80-5128,2019-01-28,Health and beauty,20.1075
235-46-8343,2019-02-14,Food and beverages,290.43
453-12-7053,2019-03-10,Fashion accessories,144.081
296-11-7041,2019-01-12,Health and beauty,28.4235
449-27-2918,2019-03-26,Sports and travel,41.076
891-01-7034,2019-01-01,Electronic accessories,470.673
744-09-5786,2019-01-02,Electronic accessories,138.663
727-17-0390,2019-03-16,Food and beverages,333.9525
568-88-3448,2019-03-03,Health and beauty,26.25
187-83-5490,2019-01-31,Electronic accessories,87.234
767-54-1907,2019-02-13,Fashion accessories,155.19
710-46-4433,2019-02-15,Food and beverages,731.43
533-33-5337,2019-02-07,Electronic accessories,833.595
325-90-8763,2019-01-27,Electronic accessories,488.985
729-46-7422,2019-02-23,Food and beverages,37.6845
639-76-1242,2019-02-03,Food and beverages,212.73
234-03-4040,2019-03-03,Food and beverages,767.025
326-71-2155,2019-02-03,Sports and travel,310.59
320-32-8842,2019-03-17,Food and beverages,23.751
470-32-9057,2019-03-28,Food and beverages,269.535
878-30-2331,2019-03-02,Sports and travel,572.775
440-59-5691,2019-02-08,Health and beauty,273.0525
554-53-3790,2019-03-22,Sports and travel,233.226
746-19-0921,2019-02-09,Food and beverages,22.659
233-34-0817,2019-02-15,Electronic accessories,103.782
767-05-1286,2019-01-23,Home and lifestyle,527.751
340-21-9136,2019-01-25,Sports and travel,168.21
405-31-3305,2019-02-02,Fashion accessories,452.865
731-59-7531,2019-03-30,Health and beauty,609.588
676-39-6028,2019-03-30,Electronic accessories,338.31
502-05-1910,2019-02-25,Health and beauty,205.317
485-30-8700,2019-03-18,Sports and travel,174.615
598-47-9715,2019-03-07,Electronic accessories,353.094
701-69-8742,2019-03-16,Sports and travel,360.885
575-67-1508,2019-01-29,Electronic accessories,40.53
541-08-3113,2019-02-02,Food and beverages,554.148
246-11-3901,2019-02-15,Electronic accessories,344.4
674-15-9296,2019-01-08,Sports and travel,194.985
305-18-3552,2019-02-12,Home and lifestyle,633.99
493-65-6248,2019-01-01,Sports and travel,388.29
438-01-4015,2019-03-21,Sports and travel,207.858
709-58-4068,2019-02-28,Fashion accessories,431.445
795-49-7276,2019-03-23,Fashion accessories,156.03
556-72-8512,2019-01-30,Home and lifestyle,24.108
627-95-3243,2019-02-04,Home and lifestyle,734.076
686-41-0932,2019-03-13,Fashion accessories,72.87
510-09-5628,2019-03-15,Fashion accessories,206.43
608-04-3797,2019-03-05,Health and beauty,212.688
148-82-2527,2019-03-05,Home and lifestyle,127.26
437-53-3084,2019-02-26,Fashion accessories,209.769
632-32-4574,2019-03-20,Sports and travel,637.728
556-97-7101,2019-01-01,Electronic accessories,132.762
862-59-8517,2019-01-27,Food and beverages,568.512
401-18-8016,2019-01-21,Sports and travel,103.0365
420-18-8989,2019-02-02,Sports and travel,432.768
277-63-2961,2019-02-03,Sports and travel,77.6685
573-98-8548,2019-01-05,Fashion accessories,33.495
620-02-2046,2019-01-27,Home and lifestyle,145.74
282-35-2475,2019-03-25,Sports and travel,195.951
511-54-3087,2019-02-25,Sports and travel,92.8725
726-29-6793,2019-01-28,Electronic accessories,203.112
387-49-4215,2019-01-08,Sports and travel,152.775
862-17-9201,2019-01-29,Food and beverages,529.515
291-21-5991,2019-03-29,Health and beauty,321.7725
602-80-9671,2019-02-09,Home and lifestyle,100.485
347-72-6115,2019-01-16,Sports and travel,666.939
209-61-0206,2019-01-05,Home and lifestyle,225.2775
595-27-4851,2019-01-27,Fashion accessories,398.958
189-52-0236,2019-03-14,Electronic accessories,731.6925
503-07-0930,2019-02-23,Sports and travel,429.1665
413-20-6708,2019-03-18,Fashion accessories,54.0435
425-85-2085,2019-03-29,Health and beauty,288.015
521-18-7827,2019-01-22,Home and lifestyle,206.7975
220-28-1851,2019-03-01,Home and lifestyle,72.933
600-38-9738,2019-01-17,Sports and travel,377.58
734-91-1155,2019-03-26,Electronic accessories,143.9865
451-28-5717,2019-03-20,Home and lifestyle,523.971
609-81-8548,2019-02-06,Home and lifestyle,235.872
133-14-7229,2019-01-01,Health and beauty,132.027
534-01-4457,2019-01-27,Food and beverages,514.773
719-89-8991,2019-02-25,Sports and travel,479.9025
286-62-6248,2019-01-16,Fashion accessories,164.682
339-38-9982,2019-01-13,Fashion accessories,125.706
827-44-5872,2019-02-07,Food and beverages,570.78
827-77-7633,2019-02-17,Sports and travel,926.9505
287-83-1405,2019-02-12,Health and beauty,160.209
435-13-4908,2019-01-24,Fashion accessories,728.112
857-67-9057,2019-02-06,Electronic accessories,240.975
236-27-1144,2019-03-26,Food and beverages,154.1295
892-05-6689,2019-03-11,Home and lifestyle,148.68
583-41-4548,2019-02-07,Home and lifestyle,122.5245
339-12-4827,2019-01-05,Fashion accessories,77.658
643-38-7867,2019-03-07,Home and lifestyle,102.837
308-81-0538,2019-02-25,Fashion accessories,306.81
358-88-9262,2019-02-01,Food and beverages,551.124
460-35-4390,2019-01-22,Home and lifestyle,96.642
343-87-0864,2019-01-03,Health and beauty,79.674
173-50-1108,2019-02-13,Sports and travel,84.756
243-47-2663,2019-01-28,Electronic accessories,118.251
841-18-8232,2019-01-05,Food and beverages,74.76
701-23-5550,2019-03-19,Home and lifestyle,163.002
647-50-1224,2019-01-12,Fashion accessories,308.91
541-48-8554,2019-01-07,Sports and travel,575.9775
539-21-7227,2019-01-26,Sports and travel,270.585
213-32-1216,2019-01-23,Electronic accessories,416.178
747-58-7183,2019-02-09,Fashion accessories,180.4005
582-52-8065,2019-02-22,Fashion accessories,513.2295
210-57-1719,2019-02-05,Health and beauty,550.368
399-69-4630,2019-03-07,Electronic accessories,139.923
134-75-2619,2019-03-25,Electronic accessories,142.002
356-44-8813,2019-01-20,Home and lifestyle,118.062
198-66-9832,2019-02-04,Fashion accessories,151.284
283-26-5248,2019-01-30,Food and beverages,1034.46
712-39-0363,2019-01-02,Food and beverages,262.458
218-59-9410,2019-03-29,Home and lifestyle,228.123
174-75-0888,2019-03-14,Electronic accessories,203.931
866-99-7614,2019-02-11,Food and beverages,936.6
134-54-4720,2019-01-30,Electronic accessories,356.328
760-90-2357,2019-03-20,Electronic accessories,469.413
514-37-2845,2019-03-20,Fashion accessories,208.425
698-98-5964,2019-01-17,Food and beverages,852.705
718-57-9773,2019-02-03,Sports and travel,517.965
651-88-7328,2019-01-01,Fashion accessories,621.243
241-11-2261,2019-01-10,Fashion accessories,586.971
408-26-9866,2019-03-02,Sports and travel,543.753
834-83-1826,2019-02-25,Home and lifestyle,430.71
343-61-3544,2019-01-29,Sports and travel,280.035
239-48-4278,2019-03-10,Food and beverages,74.4555
355-34-6244,2019-01-13,Food and beverages,152.019
550-84-8664,2019-03-22,Sports and travel,451.0275
339-96-8318,2019-03-01,Fashion accessories,597.6285
458-61-0011,2019-02-20,Food and beverages,253.26
592-34-6155,2019-01-14,Food and beverages,133.434
797-88-0493,2019-03-26,Health and beauty,269.934
207-73-1363,2019-03-01,Health and beauty,145.971
390-31-6381,2019-01-07,Food and beverages,85.743
443-82-0585,2019-02-01,Health and beauty,326.256
339-18-7061,2019-02-13,Fashion accessories,195.258
359-90-3665,2019-01-14,Fashion accessories,75.936
375-72-3056,2019-01-19,Sports and travel,198.639
127-47-6963,2019-03-09,Health and beauty,217.182
278-86-2735,2019-03-27,Food and beverages,164.871
695-28-6250,2019-02-04,Sports and travel,226.065
379-17-6588,2019-03-14,Fashion accessories,625.905
227-50-3718,2019-03-04,Health and beauty,76.755
302-15-2162,2019-03-03,Health and beauty,293.139
788-07-8452,2019-01-27,Home and lifestyle,178.164
560-49-6611,2019-02-07,Sports and travel,47.859
880-35-0356,2019-02-05,Sports and travel,236.88
585-11-6748,2019-03-15,Sports and travel,304.92
470-31-3286,2019-03-01,Health and beauty,46.683
152-68-2907,2019-02-15,Food and beverages,164.43
123-35-4896,2019-02-17,Sports and travel,440.937
258-69-7810,2019-01-26,Fashion accessories,193.4625
334-64-2006,2019-03-24,Home and lifestyle,147.672
219-61-4139,2019-01-23,Electronic accessories,87.234
881-41-7302,2019-01-26,Fashion accessories,68.2395
373-09-4567,2019-03-14,Food and beverages,814.38
642-30-6693,2019-03-17,Sports and travel,343.413
484-22-8230,2019-01-08,Fashion accessories,381.3915
830-58-2383,2019-02-08,Home and lifestyle,133.35
559-98-9873,2019-02-10,Fashion accessories,394.3275
544-32-5024,2019-03-28,Food and beverages,209.118
318-12-0304,2019-01-23,Fashion accessories,32.1405
349-97-8902,2019-01-17,Food and beverages,121.569
421-95-9805,2019-02-07,Electronic accessories,30.408
277-35-5865,2019-03-09,Food and beverages,935.2665
789-23-8625,2019-01-24,Fashion accessories,293.643
284-54-4231,2019-01-19,Sports and travel,84.9765
443-59-0061,2019-02-03,Food and beverages,708.225
509-29-3912,2019-03-20,Sports and travel,365.904
327-40-9673,2019-01-13,Sports and travel,457.38
840-19-2096,2019-03-14,Electronic accessories,461.5275
828-46-6863,2019-01-23,Food and beverages,620.739
641-96-3695,2019-02-07,Fashion accessories,273.798
420-97-3340,2019-03-28,Food and beverages,225.792
436-54-4512,2019-03-20,Food and beverages,96.1905
670-79-6321,2019-01-17,Home and lifestyle,695.2365
852-62-7105,2019-01-12,Fashion accessories,874.125
598-06-7312,2019-02-16,Fashion accessories,95.9175
135-13-8269,2019-01-26,Food and beverages,165.648
816-57-2053,2019-03-09,Sports and travel,127.827
628-90-8624,2019-03-14,Health and beauty,867.09
856-66-2701,2019-01-25,Home and lifestyle,167.895
308-39-1707,2019-01-26,Fashion accessories,12.6945
149-61-1929,2019-01-19,Sports and travel,673.995
655-07-2265,2019-03-05,Electronic accessories,246.6765
589-02-8023,2019-01-15,Food and beverages,175.917
420-04-7590,2019-03-18,Home and lifestyle,314.055
182-88-2763,2019-03-20,Food and beverages,251.7165
188-55-0967,2019-01-15,Health and beauty,697.935
610-46-4100,2019-03-03,Health and beauty,212.7825
318-81-2368,2019-03-19,Electronic accessories,48.51
364-33-8584,2019-03-08,Food and beverages,92.5575
665-63-9737,2019-02-27,Fashion accessories,165.123
695-09-5146,2019-02-23,Food and beverages,311.1885
155-45-3814,2019-03-19,Electronic accessories,743.82
794-32-2436,2019-03-27,Electronic accessories,116.907
131-15-8856,2019-03-30,Food and beverages,609.168
273-84-2164,2019-02-16,Electronic accessories,63.2625
706-36-6154,2019-01-18,Home and lifestyle,182.952
778-89-7974,2019-03-30,Health and beauty,442.323
574-31-8277,2019-03-20,Fashion accessories,35.3115
859-71-0933,2019-01-16,Sports and travel,32.529
740-11-5257,2019-02-24,Electronic accessories,259.77
369-82-2676,2019-01-15,Electronic accessories,397.215
563-47-4072,2019-01-22,Health and beauty,351.603
742-04-5161,2019-02-03,Home and lifestyle,764.19
149-15-7606,2019-03-06,Sports and travel,352.674
133-77-3154,2019-02-16,Fashion accessories,252.756
169-52-4504,2019-03-14,Electronic accessories,49.4235
250-81-7186,2019-02-27,Electronic accessories,104.6745
562-12-5430,2019-01-18,Fashion accessories,277.6725
816-72-8853,2019-01-29,Sports and travel,146.6325
491-38-3499,2019-02-26,Fashion accessories,58.2225
322-02-2271,2019-02-03,Sports and travel,135.3555
842-29-4695,2019-01-16,Sports and travel,125.979
725-67-2480,2019-03-24,Fashion accessories,370.125
641-51-2661,2019-02-12,Food and beverages,914.55
714-02-3114,2019-02-21,Sports and travel,207.48
518-17-2983,2019-02-04,Fashion accessories,204.246
779-42-2410,2019-02-20,Food and beverages,181.881
190-14-3147,2019-02-23,Health and beauty,75.474
408-66-6712,2019-02-16,Health and beauty,300.573
679-22-6530,2019-01-17,Sports and travel,85.302
588-47-8641,2019-01-14,Fashion accessories,588.42
642-61-4706,2019-03-30,Food and beverages,196.14
576-31-4774,2019-03-02,Health and beauty,231.2415
556-41-6224,2019-02-15,Health and beauty,282.576
811-03-8790,2019-03-01,Electronic accessories,477.54
242-11-3142,2019-02-24,Fashion accessories,175.917
752-23-3760,2019-02-19,Sports and travel,470.988
274-05-5470,2019-02-23,Food and beverages,308.574
648-94-3045,2019-02-07,Health and beauty,618.975
130-67-4723,2019-01-11,Food and beverages,305.55
528-87-5606,2019-02-12,Electronic accessories,41.454
320-85-2052,2019-01-14,Sports and travel,36.5505
370-96-0655,2019-01-09,Fashion accessories,310.716
105-10-6182,2019-02-27,Fashion accessories,45.108
510-79-0415,2019-01-24,Sports and travel,145.404
241-96-5076,2019-01-08,Home and lifestyle,103.11
767-97-4650,2019-01-08,Sports and travel,136.143
648-83-1321,2019-01-16,Home and lifestyle,667.38
173-57-2300,2019-03-13,Sports and travel,153.048
305-03-2383,2019-02-15,Food and beverages,211.365
394-55-6384,2019-01-25,Sports and travel,663.2955
266-20-6657,2019-03-12,Food and beverages,404.544
689-05-1884,2019-03-04,Health and beauty,510.615
196-01-2849,2019-02-10,Fashion accessories,539.343
372-62-5264,2019-01-16,Food and beverages,497.07
800-09-8606,2019-01-29,Home and lifestyle,458.6925
182-52-7000,2019-01-01,Sports and travel,113.568
826-58-8051,2019-01-06,Home and lifestyle,261.198
868-06-0466,2019-02-19,Electronic accessories,657.531
751-41-9720,2019-01-12,Home and lifestyle,1023.75
626-43-7888,2019-02-07,Fashion accessories,507.444
176-64-7711,2019-03-27,Food and beverages,101.808
191-29-0321,2019-02-27,Fashion accessories,207.585
729-06-2010,2019-01-06,Health and beauty,760.4415
640-48-5028,2019-03-02,Home and lifestyle,835.2855
186-79-9562,2019-03-29,Health and beauty,527.5095
834-45-5519,2019-01-31,Electronic accessories,180.6
162-65-8559,2019-01-21,Food and beverages,72.429
760-27-5490,2019-01-20,Fashion accessories,131.208
445-30-9252,2019-01-17,Sports and travel,80.955
786-94-2700,2019-02-28,Food and beverages,507.906
728-88-7867,2019-03-19,Home and lifestyle,317.226
183-21-3799,2019-02-19,Electronic accessories,733.6035
268-20-3585,2019-02-04,Health and beauty,130.8825
735-32-9839,2019-01-31,Fashion accessories,829.08
258-92-7466,2019-02-06,Health and beauty,187.32
857-16-3520,2019-03-28,Fashion accessories,525.231
482-17-1179,2019-01-19,Electronic accessories,37.611
788-21-5741,2019-02-17,Fashion accessories,142.947
821-14-9046,2019-01-18,Fashion accessories,110.124
418-05-0656,2019-02-02,Fashion accessories,187.866
678-79-0726,2019-01-18,Sports and travel,856.4535
776-68-1096,2019-03-18,Home and lifestyle,138.978
592-46-1692,2019-01-11,Food and beverages,270.2595
434-35-9162,2019-02-04,Food and beverages,98.028
149-14-0304,2019-02-06,Health and beauty,239.4
442-44-6497,2019-01-08,Home and lifestyle,175.0455
174-64-0215,2019-03-05,Sports and travel,732.27
210-74-9613,2019-03-16,Fashion accessories,408.492
299-29-0180,2019-03-09,Home and lifestyle,383.523
247-11-2470,2019-03-01,Fashion accessories,93.744
635-28-5728,2019-02-28,Health and beauty,176.4
756-49-0168,2019-02-08,Fashion accessories,20.685
438-23-1242,2019-01-24,Electronic accessories,557.718
238-45-6950,2019-03-01,Food and beverages,56.406
607-65-2441,2019-03-10,Health and beauty,860.475
386-27-7606,2019-03-23,Home and lifestyle,596.82
137-63-5492,2019-01-29,Electronic accessories,616.98
197-77-7132,2019-01-12,Electronic accessories,769.104
805-86-0265,2019-03-20,Home and lifestyle,887.922
733-29-1227,2019-03-23,Home and lifestyle,408.7335
451-73-2711,2019-01-14,Food and beverages,89.0715
373-14-0504,2019-02-12,Sports and travel,150.423
546-80-2899,2019-02-20,Home and lifestyle,79.149
345-68-9016,2019-01-02,Sports and travel,266.028
390-17-5806,2019-02-02,Food and beverages,40.341
457-13-1708,2019-01-08,Fashion accessories,684.915
664-14-2882,2019-01-30,Home and lifestyle,55.2825
487-79-6868,2019-03-26,Home and lifestyle,116.1405
314-23-4520,2019-01-15,Health and beauty,597.0405
210-30-7976,2019-03-14,Fashion accessories,93.744
585-86-8361,2019-02-03,Food and beverages,143.22
807-14-7833,2019-02-22,Electronic accessories,182.91
775-72-1988,2019-01-24,Home and lifestyle,384.72
288-38-3758,2019-01-25,Fashion accessories,267.3405
652-43-6591,2019-03-09,Fashion accessories,817.236
785-96-0615,2019-02-17,Electronic accessories,300.216
406-46-7107,2019-01-11,Home and lifestyle,608.076
250-17-5703,2019-02-27,Food and beverages,197.925
156-95-3964,2019-03-25,Food and beverages,232.638
842-40-8179,2019-02-11,Food and beverages,810.6
525-09-8450,2019-01-31,Electronic accessories,757.365
410-67-1709,2019-01-20,Fashion accessories,536.592
587-73-4862,2019-03-26,Health and beauty,56.1225
787-87-2010,2019-01-20,Health and beauty,233.1
593-14-4239,2019-03-05,Home and lifestyle,801.864
801-88-0346,2019-01-05,Fashion accessories,239.589
388-76-2555,2019-02-13,Sports and travel,86.247
711-31-1234,2019-03-16,Electronic accessories,401.688
886-54-6089,2019-01-15,Home and lifestyle,72.009
707-32-7409,2019-02-26,Sports and travel,401.268
759-98-4285,2019-02-27,Health and beauty,631.1445
201-63-8275,2019-02-17,Sports and travel,499.7265
471-06-8611,2019-02-06,Food and beverages,55.041
200-16-5952,2019-01-17,Food and beverages,137.865
120-54-2248,2019-01-22,Food and beverages,151.515
102-77-2261,2019-03-05,Health and beauty,480.0285
875-31-8302,2019-01-03,Sports and travel,98.049
102-06-2002,2019-03-20,Sports and travel,132.5625
457-94-0464,2019-01-31,Electronic accessories,830.3715
629-42-4133,2019-02-19,Health and beauty,183.12
534-53-3526,2019-02-11,Sports and travel,397.992
307-04-2070,2019-02-05,Fashion accessories,32.151
468-99-7231,2019-03-03,Home and lifestyle,369.684
516-77-6464,2019-02-24,Health and beauty,53.34
404-91-5964,2019-02-04,Electronic accessories,548.163
886-77-9084,2019-02-19,Electronic accessories,603.876
790-38-4466,2019-01-23,Health and beauty,57.6975
704-10-4056,2019-01-14,Health and beauty,190.4805
497-37-6538,2019-01-17,Sports and travel,432.9885
651-96-5970,2019-03-03,Fashion accessories,48.7305
400-80-4065,2019-02-15,Health and beauty,287.91
744-16-7898,2019-01-15,Home and lifestyle,1022.385
263-12-5321,2019-02-27,Electronic accessories,680.61
702-72-0487,2019-02-26,Electronic accessories,97.881
605-83-1050,2019-03-15,Fashion accessories,57.078
443-60-9639,2019-01-24,Home and lifestyle,63.9135
864-24-7918,2019-02-22,Sports and travel,257.145
359-94-5395,2019-03-15,Health and beauty,97.419
401-09-4232,2019-02-11,Home and lifestyle,455.1225
751-15-6198,2019-01-12,Sports and travel,144.963
324-41-6833,2019-03-03,Electronic accessories,253.68
474-33-8305,2019-03-23,Fashion accessories,495.3165
759-29-9521,2019-03-04,Fashion accessories,462.672
831-81-6575,2019-02-23,Electronic accessories,714.3255
220-68-6701,2019-03-17,Home and lifestyle,325.374
618-34-8551,2019-01-16,Sports and travel,195.678
257-60-7754,2019-01-08,Electronic accessories,210.966
559-61-5987,2019-01-14,Health and beauty,18.6375
189-55-2313,2019-01-31,Fashion accessories,652.89
565-91-4567,2019-03-15,Health and beauty,90.3
380-60-5336,2019-02-24,Electronic accessories,422.73
815-04-6282,2019-02-08,Sports and travel,341.0925
674-56-6360,2019-03-22,Electronic accessories,99.9075
778-34-2523,2019-01-24,Electronic accessories,408.408
499-27-7781,2019-03-14,Food and beverages,446.964
477-59-2456,2019-01-23,Fashion accessories,333.984
832-51-6761,2019-01-19,Food and beverages,284.592
869-11-3082,2019-01-27,Health and beauty,403.872
190-59-3964,2019-02-03,Food and beverages,247.59
366-43-6862,2019-03-25,Electronic accessories,222.138
186-43-8965,2019-02-24,Home and lifestyle,100.128
784-21-9238,2019-02-07,Sports and travel,10.6785
276-75-6884,2019-03-04,Health and beauty,216.4365
109-86-4363,2019-02-14,Sports and travel,441.588
569-76-2760,2019-01-29,Sports and travel,92.442
222-42-0244,2019-01-28,Health and beauty,681.4395
760-53-9233,2019-03-26,Fashion accessories,130.032
538-22-0304,2019-03-24,Electronic accessories,681.975
416-17-9926,2019-01-01,Electronic accessories,779.31
237-44-6163,2019-01-24,Electronic accessories,88.704
636-17-0325,2019-02-25,Health and beauty,262.794
343-75-9322,2019-01-09,Sports and travel,99.54
528-14-9470,2019-02-14,Health and beauty,95.865
427-45-9297,2019-03-12,Home and lifestyle,299.3655
807-34-3742,2019-03-26,Fashion accessories,54.999
288-62-1085,2019-01-09,Fashion accessories,202.335
670-71-7306,2019-01-02,Sports and travel,281.169
660-29-7083,2019-01-15,Electronic accessories,586.635
271-77-8740,2019-01-01,Sports and travel,184.086
497-36-0989,2019-02-15,Fashion accessories,163.611
291-59-1384,2019-02-28,Electronic accessories,63.315
860-73-6466,2019-03-02,Sports and travel,82.887
549-23-9016,2019-02-13,Food and beverages,31.227
896-34-0956,2019-01-26,Fashion accessories,22.386
804-38-3935,2019-01-30,Electronic accessories,295.407
585-90-0249,2019-01-27,Electronic accessories,76.923
862-29-5914,2019-01-30,Sports and travel,23.499
845-94-6841,2019-01-08,Food and beverages,688.716
125-45-2293,2019-01-19,Fashion accessories,624.33
843-73-4724,2019-01-25,Fashion accessories,77.805
409-33-9708,2019-02-19,Fashion accessories,206.808
658-66-3967,2019-01-14,Health and beauty,390.9465
866-70-2814,2019-02-25,Electronic accessories,554.295
160-22-2687,2019-01-23,Health and beauty,503.7375
895-03-6665,2019-02-16,Fashion accessories,345.0195
770-42-8960,2019-01-01,Food and beverages,177.408
748-45-2862,2019-03-07,Home and lifestyle,118.902
234-36-2483,2019-02-15,Health and beauty,362.817
316-66-3011,2019-01-23,Food and beverages,450.1035
848-95-6252,2019-02-20,Home and lifestyle,90.5835
840-76-5966,2019-01-08,Sports and travel,26.796
152-03-4217,2019-03-17,Home and lifestyle,106.596
533-66-5566,2019-01-12,Home and lifestyle,375.3645
124-31-1458,2019-01-08,Electronic accessories,250.7085
176-78-1170,2019-01-26,Health and beauty,106.5015
361-59-0574,2019-03-15,Sports and travel,760.452
101-81-4070,2019-01-17,Health and beauty,131.922
631-34-1880,2019-01-08,Food and beverages,76.5765
852-82-2749,2019-01-06,Sports and travel,271.278
873-14-6353,2019-02-16,Food and beverages,182.427
584-66-4073,2019-03-13,Fashion accessories,59.325
544-55-9589,2019-01-28,Electronic accessories,225.015
166-19-2553,2019-01-18,Sports and travel,561.078
737-88-5876,2019-03-19,Home and lifestyle,97.818
154-87-7367,2019-03-15,Home and lifestyle,548.184
885-56-0389,2019-02-12,Fashion accessories,54.9675
608-05-3804,2019-02-25,Electronic accessories,41.7375
448-61-3783,2019-03-21,Electronic accessories,756.168
761-49-0439,2019-01-19,Electronic accessories,101.64
490-95-0021,2019-01-08,Food and beverages,348.705
115-38-7388,2019-03-30,Fashion accessories,85.512
311-13-6971,2019-02-20,Sports and travel,335.895
291-55-6563,2019-03-30,Home and lifestyle,216.846
548-48-3156,2019-03-19,Food and beverages,175.014
460-93-5834,2019-01-13,Sports and travel,335.013
325-89-4209,2019-02-05,Food and beverages,92.295
884-80-6021,2019-03-23,Electronic accessories,771.435
137-74-8729,2019-03-13,Fashion accessories,102.396
880-46-5796,2019-03-17,Sports and travel,807.66
389-70-2397,2019-02-21,Health and beauty,439.215
114-35-5271,2019-02-07,Electronic accessories,486.444
607-76-6216,2019-03-02,Fashion accessories,485.5725
715-20-1673,2019-03-06,Electronic accessories,148.995
811-35-1094,2019-02-06,Electronic accessories,317.835
699-88-1972,2019-01-28,Health and beauty,832.944
781-84-8059,2019-01-18,Fashion accessories,446.439
409-49-6995,2019-02-05,Food and beverages,297.801
725-54-0677,2019-03-02,Health and beauty,629.16
146-09-5432,2019-02-09,Food and beverages,331.128
377-79-7592,2019-01-14,Electronic accessories,423.738
509-10-0516,2019-02-09,Home and lifestyle,193.074
595-94-9924,2019-03-26,Health and beauty,145.5825
865-41-9075,2019-01-28,Food and beverages,84.7455
545-07-8534,2019-02-14,Health and beauty,122.472
118-62-1812,2019-03-24,Home and lifestyle,329.196
450-42-3339,2019-02-09,Health and beauty,888.405
851-98-3555,2019-03-24,Health and beauty,435.12
186-71-5196,2019-03-27,Food and beverages,167.034
624-01-8356,2019-01-27,Home and lifestyle,514.605
313-66-9943,2019-03-27,Food and beverages,91.8225
151-27-8496,2019-01-19,Electronic accessories,235.746
453-33-6436,2019-02-07,Home and lifestyle,782.208
522-57-8364,2019-01-31,Fashion accessories,431.256
459-45-2396,2019-02-25,Food and beverages,313.74
717-96-4189,2019-02-02,Electronic accessories,223.587
722-13-2115,2019-03-14,Sports and travel,44.9925
749-81-8133,2019-03-11,Fashion accessories,397.614
777-67-2495,2019-02-22,Home and lifestyle,217.2555
636-98-3364,2019-03-02,Electronic accessories,82.719
246-55-6923,2019-03-10,Home and lifestyle,338.2155
181-82-6255,2019-02-08,Home and lifestyle,103.131
838-02-1821,2019-02-22,Home and lifestyle,26.733
887-42-0517,2019-01-10,Sports and travel,611.079
457-12-0244,2019-03-14,Sports and travel,221.886
226-34-0034,2019-01-10,Electronic accessories,57.876
321-49-7382,2019-02-15,Sports and travel,92.7255
397-25-8725,2019-01-13,Health and beauty,374.409
431-66-2305,2019-02-15,Electronic accessories,833.9625
825-94-5922,2019-03-02,Sports and travel,53.151
641-62-7288,2019-03-24,Home and lifestyle,629.496
756-93-1854,2019-02-02,Fashion accessories,175.035
243-55-8457,2019-02-27,Food and beverages,781.62
458-10-8612,2019-01-20,Health and beauty,470.988
501-61-1753,2019-01-03,Home and lifestyle,397.845
235-06-8510,2019-01-24,Home and lifestyle,270.018
433-08-7822,2019-01-05,Health and beauty,579.8415
361-85-2571,2019-03-30,Sports and travel,469.77
131-70-8179,2019-02-17,Health and beauty,290.0835
500-02-2261,2019-03-21,Food and beverages,360.927
720-72-2436,2019-03-02,Food and beverages,279.384
702-83-5291,2019-03-27,Fashion accessories,943.299
809-69-9497,2019-01-19,Home and lifestyle,479.64
449-16-6770,2019-02-19,Health and beauty,266.6475
333-23-2632,2019-03-28,Health and beauty,74.088
489-82-1237,2019-01-05,Electronic accessories,690.018
859-97-6048,2019-03-26,Electronic accessories,176.925
676-10-2200,2019-02-03,Fashion accessories,56.469
373-88-1424,2019-02-06,Home and lifestyle,188.0025
365-16-4334,2019-02-24,Food and beverages,222.012
503-21-4385,2019-02-21,Health and beauty,125.7165
305-89-2768,2019-01-09,Home and lifestyle,68.985
574-80-1489,2019-02-25,Food and beverages,263.97
784-08-0310,2019-01-13,Food and beverages,88.368
200-40-6154,2019-02-09,Home and lifestyle,415.233
846-10-0341,2019-01-06,Fashion accessories,312.8895
577-34-7579,2019-01-10,Food and beverages,477.1305
430-02-3888,2019-02-07,Electronic accessories,289.926
867-47-1948,2019-01-09,Home and lifestyle,165.9
384-59-6655,2019-02-19,Food and beverages,932.337
256-58-3609,2019-03-18,Fashion accessories,96.579
324-92-3863,2019-02-05,Electronic accessories,43.869
593-08-5916,2019-03-19,Fashion accessories,16.275
364-34-2972,2019-03-30,Electronic accessories,304.983
794-42-3736,2019-01-26,Food and beverages,69.993
172-42-8274,2019-03-02,Electronic accessories,80.367
558-60-5016,2019-03-04,Home and lifestyle,314.685
195-06-0432,2019-01-13,Home and lifestyle,255.1815
605-03-2706,2019-03-25,Health and beauty,49.77
214-30-2776,2019-03-11,Electronic accessories,181.0725
746-04-1077,2019-01-01,Food and beverages,888.615
448-34-8700,2019-02-10,Home and lifestyle,271.2885
452-04-8808,2019-01-26,Electronic accessories,640.038
531-56-4728,2019-02-11,Home and lifestyle,252.252
744-82-9138,2019-02-07,Fashion accessories,180.873
883-69-1285,2019-03-06,Fashion accessories,104.832
221-25-5073,2019-03-04,Food and beverages,313.572
518-71-6847,2019-02-26,Food and beverages,167.58
156-20-0370,2019-03-10,Electronic accessories,26.7225
151-33-7434,2019-02-04,Food and beverages,71.1585
728-47-9078,2019-01-19,Food and beverages,250.278
809-46-1866,2019-01-23,Health and beauty,244.23
139-32-4183,2019-03-14,Sports and travel,921.186
148-41-7930,2019-01-23,Health and beauty,734.706
189-40-5216,2019-01-09,Electronic accessories,708.3195
374-38-5555,2019-02-07,Fashion accessories,334.4775
764-44-8999,2019-02-18,Health and beauty,30.996
552-44-5977,2019-01-03,Health and beauty,520.8
267-62-7380,2019-03-29,Electronic accessories,864.57
430-53-4718,2019-01-28,Health and beauty,633.108
886-18-2897,2019-03-22,Food and beverages,296.94
602-16-6955,2019-01-24,Sports and travel,804.3
745-74-0715,2019-03-10,Electronic accessories,121.863
690-01-6631,2019-02-22,Fashion accessories,183.645
652-49-6720,2019-02-18,Electronic accessories,63.9975
233-67-5758,2019-01-29,Health and beauty,42.3675
303-96-2227,2019-03-02,Home and lifestyle,1022.49
727-02-1313,2019-02-09,Food and beverages,33.432
347-56-2442,2019-02-22,Home and lifestyle,69.111
849-09-3807,2019-02-18,Fashion accessories,649.299
